Time,Data
2001,185.8710587
2002,185.8710587
2003,186.1193295
2004,187.8426067
2005,187.8426067
2006,188.5874088
2007,189.3322201
2008,190.077012
2009,191.5666387
2010,191.816846
2011,192.0651165
2012,192.5616582
2013,192.8099299
2014,193.3064604
2015,193.3064604
2016,193.8030021
2017,196.4424055
2018,198.1802916
2019,199.4216364
2020,200.5402999