Year,Mean
2010,0.500763455
2011,0.571021968
2012,0.570158474
2013,0.538335537
2014,0.527972726
2015,0.559907991
2016,0.535652765
2017,0.546289014
2018,0.491795964
2019,0.547386586
2020,0.487250426
2021,0.483044843
2022,0.559226775
