Row,Temperature
2011,27.78441134
2012,22.36967177
2013,26.77897174
2014,29.22820313
2015,24.49010442
2016,26.56424818
2017,26.6732739
2018,30.39644238
2019,28.44126195
2020,27.54982461
2021,30.29814876
2022,30.01174155
